price,rooms,square,floor,totalFloors,flat/studio,address,coordinate,distanceFromTheCenter,metro,cafe,park,beaches,hospital,police,shop,beautySalone,mall,museum,pharmacy,sportCenter,postOffice,hotel
1520000.0,2.0,56.9,6.0,37.0,1.0,"Амурская ул.,  1Ак1","37.757853,55.807739",,,,,,,,,,,,,,,
264000.0,1.0,11.0,1.0,5.0,0.0,"Мытная ул.,  25","37.619971,55.716336",,,,,,,,,,,,,,,
2850000.0,2.0,68.0,10.0,15.0,1.0,"Ходынский б-р,  20А","37.523213,55.790782",,,,,,,,,,,,,,,
455000.0,1.0,10.0,1.0,5.0,0.0,"ул. Чаплыгина,  8с1","37.646830,55.763366",,,,,,,,,,,,,,,
700000.0,1.0,15.3,5.0,8.0,0.0,"Электрозаводская ул.,  14с1","37.706766,55.787513",,,,,,,,,,,,,,,
4850000.0,2.0,77.0,6.0,10.0,1.0,"ул. Палиха,  4","37.598582,55.783757",,,,,,,,,,,,,,,
620000.0,1.0,19.0,4.0,5.0,0.0,"ул. 50 лет Октября,  2к2","37.416754,55.653766",,,,,,,,,,,,,,,
1869000.0,3.0,73.8,10.0,16.0,1.0,"Варшавское ш., 154к2","37.597163,55.587453",,,,,,,,,,,,,,,
1280000.0,1.0,44.6,10.0,15.0,1.0,"6-я Радиальная ул.,  5к4","37.662506,55.603446",,,,,,,,,,,,,,,
1430000.0,3.0,65.0,3.0,9.0,1.0,"Ставропольская ул.,  58к1","37.770493,55.681920",,,,,,,,,,,,,,,
990000.0,1.0,30.1,5.0,5.0,1.0,"Измайловский б-р,  66","37.817834,55.796658",,,,,,,,,,,,,,,
1213900.0,2.0,37.4,2.0,12.0,1.0,"ул. Гастелло,  4","37.681479,55.786546",,,,,,,,,,,,,,,
865000.0,1.0,20.0,6.0,20.0,0.0,"Саларьевская ул.,  16к3","37.407304,55.616880",,,,,,,,,,,,,,,
1280000.0,2.0,52.0,6.0,12.0,1.0,"ул. Плещеева, 22","37.617303,55.887937",,,,,,,,,,,,,,,
1750000.0,2.0,52.4,11.0,14.0,1.0,"Большая Черёмушкинская ул.,  2к4","37.598609,55.691344",,,,,,,,,,,,,,,
1330000.0,2.0,46.0,7.0,9.0,1.0,"Матвеевская ул.,  10к2","37.472764,55.704108",,,,,,,,,,,,,,,
1349900.0,1.0,43.2,6.0,22.0,1.0,"16-я Парковая ул.,  12","37.827589,55.799699",,,,,,,,,,,,,,,
930000.0,1.0,32.4,3.0,9.0,1.0,"ул. Академика Миллионщикова,  18","37.643597,55.667198",,,,,,,,,,,,,,,
408000.0,1.0,17.1,1.0,6.0,0.0,"Мытная ул.,  25","37.619971,55.716336",,,,,,,,,,,,,,,
825000.0,1.0,40.0,4.0,12.0,1.0,"Загорьевский пр.,  7к2","37.666171,55.574207",,,,,,,,,,,,,,,
2130000.0,2.0,61.0,9.0,29.0,1.0,"ул. Ивана Франко,  6","37.450872,55.727841",,,,,,,,,,,,,,,
1080000.0,2.0,45.7,8.0,9.0,1.0,"Елецкая ул.,  31к1","37.736446,55.602347",,,,,,,,,,,,,,,
2499000.0,1.0,50.7,23.0,46.0,1.0,"Новодмитровская ул.,  2к5","37.591036,55.803575",,,,,,,,,,,,,,,
1350000.0,2.0,53.3,16.0,17.0,1.0,"Чертановская ул.,  48к2","37.588305,55.607646",,,,,,,,,,,,,,,
953300.0,2.0,31.4,12.0,18.0,1.0,"ул. Вертолётчиков,  4к5","37.945179,55.703479",,,,,,,,,,,,,,,
920000.0,1.0,38.8,3.0,14.0,1.0,"ул. Плещеева,  14А","37.612542,55.885221",,,,,,,,,,,,,,,
5721930.0,3.0,77.1,3.0,6.0,1.0,"ул. Малая Ордынка,  19","37.625963,55.736939",,,,,,,,,,,,,,,
1280000.0,1.0,41.0,5.0,14.0,1.0,"Мячковский б-р,  27","37.763638,55.650282",,,,,,,,,,,,,,,
455000.0,1.0,14.5,1.0,9.0,0.0,"Родниковая ул.,  18","37.619971,55.716336",,,,,,,,,,,,,,,
2360000.0,2.0,60.0,11.0,25.0,1.0,"Аминьевское ш.,  4Дк1","37.466494,55.699994",,,,,,,,,,,,,,,
1020000.0,1.0,37.6,9.0,17.0,1.0,"Ангелов пер., 13","37.343937,55.852122",,,,,,,,,,,,,,,
2153494.0,2.0,55.8,3.0,12.0,1.0,"ул. Ивана Франко, корп. 4.2","37.454375,55.728170",,,,,,,,,,,,,,,
1316315.0,1.0,26.3,15.0,21.0,0.0,"ул. Берзарина, д. 32","37.470177,55.790782",,,,,,,,,,,,,,,
1330000.0,2.0,44.0,5.0,9.0,1.0,"5-я Кожуховская ул.,  22к1","37.676619,55.704778",,,,,,,,,,,,,,,
4860000.0,2.0,56.0,4.0,7.0,1.0,"Шлюзовая наб.,  2А","37.644019,55.730953",,,,,,,,,,,,,,,
4500000.0,2.0,85.0,32.0,51.0,1.0,"Шмитовский пр.,  39к8","37.526295,55.751665",,,,,,,,,,,,,,,
2900000.0,4.0,100.0,16.0,22.0,1.0,"ул. Островитянова,  32","37.523240,55.632540",,,,,,,,,,,,,,,
435100.0,1.0,13.6,1.0,9.0,0.0,"Юрловский пр.,  19","37.615919,55.871961",,,,,,,,,,,,,,,
2500000.0,2.0,59.3,21.0,23.0,1.0,"ул. Берзарина,  30","37.474444,55.790712",,,,,,,,,,,,,,,
29140000.0,2.0,186.0,6.0,6.0,1.0,"Пречистенская наб.,  5","37.600846,55.736584",,,,,,,,,,,,,,,
2800000.0,3.0,116.0,1.0,5.0,1.0,"ул. Гончарова,  17Ак4","37.588144,55.817638",,,,,,,,,,,,,,,
530000.0,1.0,20.0,1.0,9.0,0.0,"Ореховый б-р,  37к3","37.736994,55.616437",,,,,,,,,,,,,,,
4300000.0,2.0,63.1,16.0,21.0,1.0,"Пресненская наб.,  10с2","37.535071,55.747622",,,,,,,,,,,,,,,
6328800.0,3.0,93.3,7.0,10.0,1.0,"ул. Малая Полянка,  2","37.616773,55.736427",,,,,,,,,,,,,,,
2940000.0,2.0,51.0,30.0,46.0,1.0,"Дубининская ул., 59А","37.637093,55.718486",,,,,,,,,,,,,,,
890000.0,1.0,32.8,4.0,9.0,1.0,"Днепропетровская ул.,  31","37.586006,55.618679",,,,,,,,,,,,,,,
1777000.0,2.0,40.5,9.0,9.0,1.0,"ул. Пресненский Вал,  8к1","37.564868,55.765357",,,,,,,,,,,,,,,
1430020.0,2.0,49.9,21.0,45.0,1.0,"ш. Перовское, д. 21, корп. 1","37.746552,55.736159",,,,,,,,,,,,,,,
435000.0,1.0,11.7,1.0,9.0,0.0,"Уральская ул.,  8","37.619522,55.732550",,,,,,,,,,,,,,,
1250000.0,1.0,32.9,5.0,12.0,1.0,"Большая Очаковская ул.,  15","37.458346,55.682640",,,,,,,,,,,,,,,
312000.0,1.0,13.0,1.0,5.0,0.0,"Мытная ул.,  25","37.619971,55.716336",,,,,,,,,,,,,,,
2000000.0,2.0,60.0,18.0,18.0,1.0,"Жигулёвская ул.,  3Ак2","37.765749,55.712320",,,,,,,,,,,,,,,
2569809.0,1.0,47.3,34.0,50.0,1.0,"ул. Лобачевского/платформа «Матвеевская», кв-л 4.2","37.644073,55.627829",,,,,,,,,,,,,,,
2508540.0,3.0,89.5,12.0,12.0,1.0,"3-й Балтийский пер.,  6к3","37.530355,55.811558",,,,,,,,,,,,,,,
2790000.0,3.0,81.2,16.0,17.0,1.0,"ул. Кашёнкин Луг,  8к3","37.595860,55.825917",,,,,,,,,,,,,,,
2780000.0,2.0,62.0,14.0,22.0,1.0,"Ленинский пр-т,  107к2","37.515380,55.662781",,,,,,,,,,,,,,,
1524000.0,1.0,25.0,6.0,7.0,0.0,"Живарёв пер.,  8с1","37.642905,55.776634",,,,,,,,,,,,,,,
4930000.0,3.0,100.0,9.0,22.0,1.0,"Маломосковская ул.,  14","37.647675,55.812752",,,,,,,,,,,,,,,
1745000.0,2.0,59.7,7.0,23.0,1.0,"Красноказарменная ул.,  14Ак2","37.706973,55.753230",,,,,,,,,,,,,,,
1900000.0,3.0,73.4,5.0,22.0,1.0,"Дмитровское ш.,  64к4","37.564042,55.855078",,,,,,,,,,,,,,,
5250000.0,4.0,134.9,9.0,31.0,1.0,"Береговой пр.,  3","37.508867,55.757379",,,,,,,,,,,,,,,
1525000.0,2.0,53.0,12.0,14.0,1.0,"ул. Академика Комарова,  11","37.589500,55.829401",,,,,,,,,,,,,,,
1717038.0,1.0,31.2,9.0,22.0,1.0,"ул. Полковая, вл. 1","37.599983,55.797817",,,,,,,,,,,,,,,
1695000.0,1.0,34.2,19.0,28.0,1.0,"ул. Золоторожский Вал,  11к18","37.702104,55.750499",,,,,,,,,,,,,,,
1016880.0,2.0,61.5,16.0,45.0,1.0,"Михневская ул.,  8","37.671094,55.579694",,,,,,,,,,,,,,,
1200000.0,2.0,45.0,2.0,9.0,1.0,"ул. 800-летия Москвы,  5к1","37.554484,55.880091",,,,,,,,,,,,,,,
1550000.0,3.0,57.6,2.0,9.0,1.0,"Халтуринская ул.,  17","37.724220,55.803332",,,,,,,,,,,,,,,
630600.0,1.0,35.2,5.0,9.0,1.0,"Чертановская ул.,  43к1","37.591431,55.608363",,,,,,,,,,,,,,,
1350000.0,3.0,78.1,11.0,19.0,1.0,"рп. Дрожжино, Новое ш.,  6к2","37.588413,55.524105",,,,,,,,,,,,,,,
320000.0,1.0,15.0,1.0,5.0,0.0,"Волоколамское ш.,  80А","37.461876,55.820369",,,,,,,,,,,,,,,
5000000.0,2.0,115.0,5.0,6.0,1.0,"Береговая ул.,  4к10","37.470464,55.829633",,,,,,,,,,,,,,,
1315000.0,1.0,37.0,4.0,16.0,1.0,"Ярцевская ул.,  27к7","37.413879,55.743193",,,,,,,,,,,,,,,
4000000.0,3.0,80.0,10.0,24.0,1.0,"Хорошёвское ш.,  25Ак2","37.527238,55.775307",,,,,,,,,,,,,,,
3957200.0,2.0,66.1,10.0,11.0,1.0,"Кутузовский пр-т,  12","37.557268,55.748888",,,,,,,,,,,,,,,
1854999.0,1.0,38.7,3.0,31.0,1.0,"Красноказарменная ул.,  14Ас3","37.708967,55.752460",,,,,,,,,,,,,,,
575000.0,1.0,13.0,2.0,5.0,0.0,"Херсонская ул.,  41А","37.557502,55.653878",,,,,,,,,,,,,,,
1679000.0,2.0,52.0,12.0,12.0,1.0,"10-я Парковая ул.,  4","37.803065,55.794335",,,,,,,,,,,,,,,
2500000.0,3.0,56.0,1.0,9.0,1.0,"Старая Басманная ул., 9к2","37.657071,55.765817",,,,,,,,,,,,,,,
1294022.0,2.0,46.0,2.0,21.0,1.0,"пр-д Автомобильный, вл. 4","37.697576,55.730193",,,,,,,,,,,,,,,
1350000.0,2.0,47.0,7.0,14.0,1.0,"Полярная ул.,  50","37.646238,55.888574",,,,,,,,,,,,,,,
12700000.0,3.0,131.0,5.0,7.0,1.0,"ул. Льва Толстого,  23к7с3","37.497486,55.772502",,,,,,,,,,,,,,,
1450000.0,2.0,52.5,4.0,12.0,1.0,"ул. Ивана Франко,  38к1","37.414490,55.728418",,,,,,,,,,,,,,,
310000.0,1.0,13.8,1.0,5.0,0.0,"Новогиреевская ул.,  16к1","37.793229,55.760859",,,,,,,,,,,,,,,
1045000.0,2.0,45.8,12.0,12.0,1.0,"Шипиловская ул.,  64к1","37.753667,55.622970",,,,,,,,,,,,,,,
985000.0,2.0,38.9,13.0,14.0,1.0,"Вешняковская ул.,  28/21к2","37.819568,55.718060",,,,,,,,,,,,,,,
434005.0,1.0,12.1,1.0,9.0,0.0,"Каширское ш.,  128к2","37.717672,55.602973",,,,,,,,,,,,,,,
1550000.0,3.0,60.3,2.0,9.0,1.0,"Нагатинская наб.,  34","37.669360,55.684777",,,,,,,,,,,,,,,
1100000.0,1.0,38.6,5.0,12.0,1.0,"Студёный пр.,  19","37.670492,55.893319",,,,,,,,,,,,,,,
334000.0,1.0,16.7,1.0,4.0,0.0,"пр-т Мира,  77к1","37.634299,55.789942",,,,,,,,,,,,,,,
4020000.0,2.0,78.0,16.0,24.0,1.0,"Верхняя ул.,  20к1","37.574381,55.779216",,,,,,,,,,,,,,,
900000.0,1.0,27.0,3.0,7.0,0.0,"Нижегородская ул.,  32с3","37.690255,55.737020",,,,,,,,,,,,,,,
5178800.0,4.0,115.9,2.0,10.0,1.0,"Кутузовский пр-т,  30","37.473770,55.697346",,,,,,,,,,,,,,,
2050000.0,3.0,80.0,4.0,5.0,1.0,"Судостроительная ул.,  26к1","37.683643,55.683163",,,,,,,,,,,,,,,
1500000.0,2.0,51.3,15.0,16.0,1.0,"Кировоградская ул.,  19к1","37.602535,55.605760",,,,,,,,,,,,,,,
1260000.0,2.0,37.7,1.0,14.0,1.0,"Озёрная ул.,  31к3","37.451932,55.672311",,,,,,,,,,,,,,,
1010000.0,1.0,24.0,2.0,6.0,0.0,"Гагаринский пер.,  14","37.594755,55.744799",,,,,,,,,,,,,,,
1150000.0,2.0,51.2,8.0,17.0,1.0,"ул. Лётчика Грицевца,  12","37.311229,55.624179",,,,,,,,,,,,,,,
460000.0,1.0,20.5,2.0,5.0,0.0,"Яснополянская ул.,  3к2","37.787354,55.722664",,,,,,,,,,,,,,,
1500000.0,2.0,51.3,15.0,16.0,1.0,"Кировоградская ул.,  19к1","37.602535,55.605760",,,,,,,,,,,,,,,
2510640.0,3.0,88.7,8.0,12.0,1.0,"3-й Балтийский пер.,  6к3","37.415002,55.719009",,,,,,,,,,,,,,,
999900.0,2.0,47.1,11.0,14.0,1.0,"Вешняковская ул.,  28/21к2","37.819568,55.718060",,,,,,,,,,,,,,,
435000.0,1.0,11.7,1.0,9.0,0.0,"Уральская ул., 8","37.799472,55.815802",,,,,,,,,,,,,,,
440000.0,1.0,20.7,2.0,5.0,0.0,"ул. Металлургов,  33","37.794972,55.760074",,,,,,,,,,,,,,,
427500.0,1.0,17.1,1.0,17.0,0.0,"ул. Барышиха,  40к1","37.343892,55.852940",,,,,,,,,,,,,,,
1330000.0,1.0,40.1,6.0,24.0,1.0,"Варшавское ш.,  100к1","37.618884,55.646243",,,,,,,,,,,,,,,
1725000.0,1.0,26.7,2.0,5.0,0.0,"ул. Петровка,  26с5","37.616988,55.766172",,,,,,,,,,,,,,,
6940000.0,3.0,137.5,12.0,24.0,1.0,"ул. Авиаконструктора Сухого,  2к1","37.542572,55.786414",,,,,,,,,,,,,,,
2750000.0,2.0,44.0,9.0,12.0,1.0,"2-й Монетчиковский пер.,  2/12","37.628999,55.731739",,,,,,,,,,,,,,,
1699999.0,3.0,58.3,7.0,9.0,1.0,"Тепличный пер.,  7","37.494476,55.791582",,,,,,,,,,,,,,,
1780000.0,3.0,76.6,9.0,17.0,1.0,"Паромная ул.,  9к1","37.763055,55.636976",,,,,,,,,,,,,,,
1399000.0,1.0,40.6,9.0,11.0,1.0,"б-р Андрея Тарковского,  7","37.343919,55.626594",,,,,,,,,,,,,,,
1030000.0,1.0,36.0,3.0,12.0,1.0,"Дмитровское ш.,  64к2","37.562775,55.856043",,,,,,,,,,,,,,,
455000.0,1.0,10.0,1.0,5.0,0.0,"ул. Чаплыгина,  8с1","37.646830,55.763366",,,,,,,,,,,,,,,
860000.0,1.0,28.0,3.0,4.0,0.0,"2-й Вольный пер.,  11","37.739240,55.773793",,,,,,,,,,,,,,,
1100000.0,1.0,28.0,2.0,6.0,0.0,"Трёхпрудный пер.,  10/2","37.597531,55.765412",,,,,,,,,,,,,,,
4870000.0,3.0,98.0,11.0,18.0,1.0,"Ленинградский пр-т,  29к1","37.564042,55.785169",,,,,,,,,,,,,,,
999000.0,1.0,35.1,6.0,14.0,1.0,"ул. Коминтерна,  26к2","37.684847,55.866223",,,,,,,,,,,,,,,
1262200.0,3.0,73.8,15.0,17.0,1.0,"Мячковский б-р,  9","37.756685,55.655884",,,,,,,,,,,,,,,
1485000.0,3.0,62.7,12.0,12.0,1.0,"ул. Лескова,  22","37.609146,55.896337",,,,,,,,,,,,,,,
2010000.0,1.0,42.3,40.0,44.0,1.0,"Ходынская ул.,  2","37.564212,55.770806",,,,,,,,,,,,,,,
392000.0,1.0,18.0,1.0,5.0,0.0,"Новогиреевская ул.,  16к1","37.793229,55.760859",,,,,,,,,,,,,,,
280000.0,1.0,11.0,1.0,5.0,0.0,"Чуксин тупик,  4","37.558302,55.807365",,,,,,,,,,,,,,,
999999.0,1.0,33.8,3.0,12.0,1.0,"Дубнинская ул.,  20к2","37.563898,55.869708",,,,,,,,,,,,,,,
1700000.0,3.0,65.0,1.0,9.0,1.0,"ул. Цюрупы,  9","37.572872,55.667264",,,,,,,,,,,,,,,
660000.0,1.0,15.6,5.0,8.0,0.0,"Электрозаводская ул.,  14с1","37.706766,55.787513",,,,,,,,,,,,,,,
2165285.0,1.0,29.1,6.0,6.0,0.0,"ул. Усачёва,  62","37.562874,55.724865",,,,,,,,,,,,,,,
515000.0,1.0,10.1,2.0,5.0,0.0,"Студенческая ул.,  19к1","37.549588,55.742524",,,,,,,,,,,,,,,
1700000.0,1.0,36.7,14.0,27.0,1.0,"Шелепихинская наб.,  42к2","37.500270,55.767484",,,,,,,,,,,,,,,
2360000.0,2.0,60.0,11.0,25.0,1.0,"Аминьевское ш.,  4Дк1","37.466494,55.699994",,,,,,,,,,,,,,,
1989000.0,2.0,51.5,11.0,12.0,1.0,"ул. Крутицкий Вал,  3","37.664788,55.729615",,,,,,,,,,,,,,,
2710000.0,3.0,87.6,19.0,20.0,1.0,"Дмитровское ш.,  107к2","37.541898,55.879707",,,,,,,,,,,,,,,
4480000.0,3.0,95.0,19.0,37.0,1.0,"Шелепихинская наб.,  34к1","37.513440,55.761310",,,,,,,,,,,,,,,
2873730.0,3.0,87.4,16.0,18.0,1.0,"Ленинградский пр-т,  76к2","37.515290,55.806474",,,,,,,,,,,,,,,
415100.0,1.0,11.8,1.0,9.0,0.0,"Чертановская ул.,  58к2","37.584523,55.602617",,,,,,,,,,,,,,,
5124880.0,3.0,97.3,12.0,12.0,1.0,"Климентовский пер.,  2","37.631595,55.741181",,,,,,,,,,,,,,,
1110000.0,2.0,45.4,1.0,9.0,1.0,"ул. Кухмистерова,  13","37.728173,55.685356",,,,,,,,,,,,,,,
1020000.0,1.0,33.0,1.0,5.0,1.0,"Дмитровское ш.,  21к1","37.571758,55.822407",,,,,,,,,,,,,,,
850000.0,1.0,28.1,11.0,25.0,0.0,"ул. Илимская, вл. 3/5","37.581415,55.890558",,,,,,,,,,,,,,,
1400000.0,2.0,35.3,6.0,25.0,1.0,"квартал № 100, 1к2","37.347476,55.803231",,,,,,,,,,,,,,,
1550000.0,2.0,44.4,1.0,5.0,1.0,"Шелепихинская наб.,  16","37.519404,55.755211",,,,,,,,,,,,,,,
1050000.0,1.0,35.2,6.0,12.0,1.0,"2-я Пугачёвская ул.,  9к1","37.730194,55.793991",,,,,,,,,,,,,,,
5995579.0,2.0,74.6,15.0,36.0,1.0,"пр-т Ленинградский, вл. 8","37.580939,55.780335",,,,,,,,,,,,,,,
4184645.0,3.0,90.8,10.0,22.0,1.0,"ул. Полковая, вл. 1","37.599983,55.797817",,,,,,,,,,,,,,,
4000000.0,2.0,79.0,11.0,15.0,1.0,"Ленинградский пр-т,  36с38","37.567186,55.789472",,,,,,,,,,,,,,,
991000.0,1.0,25.0,2.0,10.0,1.0,"Подъёмная ул.,  14с37","37.707521,55.742448",,,,,,,,,,,,,,,
928000.0,2.0,42.3,2.0,5.0,1.0,"Мартеновская ул.,  16/36","37.802607,55.753007",,,,,,,,,,,,,,,
928000.0,2.0,42.3,2.0,5.0,1.0,"Мартеновская ул.,  16/36","37.802607,55.753007",,,,,,,,,,,,,,,
3350000.0,2.0,93.5,22.0,22.0,1.0,"1-я Магистральная ул.,  25","37.517976,55.770821",,,,,,,,,,,,,,,
1199000.0,1.0,28.0,4.0,6.0,0.0,"Чистопрудный б-р,  11с1","37.644189,55.762637",,,,,,,,,,,,,,,
1312500.0,2.0,37.5,4.0,9.0,1.0,"ул. Кибальчича,  10","37.651565,55.815387",,,,,,,,,,,,,,,
4000000.0,2.0,79.0,11.0,15.0,1.0,"Ленинградский пр-т,  36с38","37.567186,55.789472",,,,,,,,,,,,,,,
1000000.0,1.0,31.5,4.0,17.0,1.0,"пр-т Куприна,  18к2","37.488152,55.546755",,,,,,,,,,,,,,,
1700000.0,2.0,55.4,11.0,17.0,1.0,"ул. Вилиса Лациса,  15","37.425477,55.863121",,,,,,,,,,,,,,,
2150000.0,3.0,63.2,10.0,12.0,1.0,"ул. Жебрунова,  1","37.679700,55.785311",,,,,,,,,,,,,,,
1800000.0,3.0,77.0,2.0,16.0,1.0,"ул. Академика Анохина,  42к2","37.467536,55.657291",,,,,,,,,,,,,,,
2699000.0,3.0,68.0,15.0,40.0,1.0,"б-р Братьев Весниных,  1","37.640785,55.699000",,,,,,,,,,,,,,,
1349990.0,3.0,63.0,9.0,12.0,1.0,"3-й Дорожный пр.,  5к2","37.614716,55.602459",,,,,,,,,,,,,,,
1160000.0,1.0,35.0,12.0,12.0,1.0,"Каспийская ул.,  2/1","37.683590,55.634827",,,,,,,,,,,,,,,
2534100.0,3.0,86.1,9.0,22.0,1.0,"Малая Очаковская ул.,  6","37.438116,55.668351",,,,,,,,,,,,,,,
3400000.0,3.0,85.7,5.0,17.0,1.0,"Корабельная ул.,  17к2","37.697307,55.682762",,,,,,,,,,,,,,,
1800000.0,2.0,60.5,7.0,17.0,1.0,"ул. Чистова,  3А","37.736545,55.697823",,,,,,,,,,,,,,,
950000.0,1.0,32.0,4.0,9.0,1.0,"2-я Владимирская ул.,  21/9","37.781209,55.757784",,,,,,,,,,,,,,,
6439020.0,4.0,118.4,6.0,7.0,1.0,"Шлюзовая наб.,  2А","37.644019,55.730953",,,,,,,,,,,,,,,
1280000.0,2.0,46.8,9.0,12.0,1.0,"Симферопольский пр.,  14","37.616306,55.666640",,,,,,,,,,,,,,,
1450000.0,2.0,37.6,3.0,9.0,1.0,"ул. Трофимова, 19к1","37.675846,55.703231",,,,,,,,,,,,,,,
7500000.0,1.0,60.8,28.0,62.0,1.0,"Краснопресненская наб.,  14Ак3","37.548501,55.752060",,,,,,,,,,,,,,,
1500000.0,1.0,43.0,9.0,10.0,1.0,"б-р Андрея Тарковского,  3","37.341843,55.628937",,,,,,,,,,,,,,,
1870000.0,2.0,57.6,9.0,15.0,1.0,"ул. Милашенкова,  12Г","37.586185,55.826473",,,,,,,,,,,,,,,
2695000.0,4.0,120.0,12.0,17.0,1.0,"Боровское ш.,  20","37.369485,55.648910",,,,,,,,,,,,,,,
2819300.0,1.0,48.8,8.0,11.0,1.0,"Кутузовский пр-т,  12","37.557268,55.748888",,,,,,,,,,,,,,,
650000.0,1.0,19.3,1.0,4.0,0.0,"ул. Земляной Вал,  65","37.656658,55.747946",,,,,,,,,,,,,,,
1075000.0,2.0,38.3,4.0,12.0,1.0,"ул. Полбина,  66","37.723313,55.670991",,,,,,,,,,,,,,,
900000.0,1.0,35.4,8.0,10.0,1.0,"Южнобутовская ул., 133","37.513440,55.531285",,,,,,,,,,,,,,,
1320000.0,1.0,35.4,3.0,14.0,1.0,"ул. Берзарина,  15","37.480022,55.787133",,,,,,,,,,,,,,,
920000.0,1.0,31.8,3.0,5.0,1.0,"Большая Академическая ул.,  18к2","37.529097,55.821750",,,,,,,,,,,,,,,
6117954.0,4.0,98.9,31.0,32.0,1.0,"ул. Дербеневская, вл. 20","37.647720,55.721138",,,,,,,,,,,,,,,
1790000.0,2.0,48.4,13.0,33.0,1.0,"Новохохловская ул.,  15к2","37.712102,55.727775",,,,,,,,,,,,,,,
245000.0,1.0,14.3,1.0,5.0,0.0,"ул. Орджоникидзе,  5","37.601070,55.709977",,,,,,,,,,,,,,,
840000.0,1.0,35.5,3.0,14.0,1.0,"ул. Вешних Вод,  8к3","37.700011,55.858978",,,,,,,,,,,,,,,
3604960.0,4.0,115.8,7.0,16.0,1.0,"ул. Орджоникидзе,  14","37.589320,55.710322",,,,,,,,,,,,,,,
414950.0,1.0,11.6,1.0,9.0,0.0,"Чертановская ул.,  58к2","37.584523,55.602617",,,,,,,,,,,,,,,
1550000.0,1.0,19.7,5.0,11.0,0.0,"ул. Казакова,  7","37.659856,55.763407",,,,,,,,,,,,,,,
1590000.0,3.0,64.9,7.0,12.0,1.0,"Каширское ш.,  108к1","37.716504,55.609299",,,,,,,,,,,,,,,
2700000.0,1.0,56.4,5.0,26.0,1.0,"пр. Берёзовой Рощи,  12","37.520420,55.791177",,,,,,,,,,,,,,,
16000000.0,3.0,145.0,67.0,79.0,1.0,"1-й Красногвардейский пр.,  22с1","37.533724,55.751133",,,,,,,,,,,,,,,
2958600.0,2.0,52.4,13.0,14.0,1.0,"пр-т Генерала Дорохова,  39к1В","37.496578,55.716848",,,,,,,,,,,,,,,
1199000.0,1.0,33.0,2.0,9.0,1.0,"ул. Свободы,  81с3","37.442131,55.861807",,,,,,,,,,,,,,,
2900000.0,4.0,100.0,16.0,22.0,1.0,"ул. Островитянова,  32","37.523240,55.632540",,,,,,,,,,,,,,,
3130000.0,3.0,60.0,8.0,20.0,1.0,"Большая Филёвская ул.,  3к1","37.516260,55.751644",,,,,,,,,,,,,,,
1900000.0,3.0,64.2,2.0,6.0,1.0,"ул. Толбухина,  7к1","37.400863,55.720180",,,,,,,,,,,,,,,
5720956.0,3.0,88.2,4.0,16.0,1.0,"Донская ул.,  14к2","37.570995,55.670757",,,,,,,,,,,,,,,
950000.0,1.0,32.7,3.0,9.0,1.0,"Чертановская ул.,  66к2","37.585664,55.596930",,,,,,,,,,,,,,,
4332040.0,1.0,53.3,14.0,85.0,1.0,"Краснопресненская набережная, вл. 14/15","37.545303,55.751974",,,,,,,,,,,,,,,
600000.0,1.0,30.0,1.0,6.0,0.0,"4-я Тверская-Ямская ул.,  2/11с1","37.598717,55.771692",,,,,,,,,,,,,,,
3541800.0,3.0,62.7,6.0,10.0,1.0,"Кутузовский пр-т,  4/2","37.562272,55.750732",,,,,,,,,,,,,,,
7000000.0,3.0,139.0,7.0,44.0,1.0,"Давыдковская ул.,  3","37.479986,55.727465",,,,,,,,,,,,,,,
4500000.0,2.0,82.1,10.0,22.0,1.0,"ул. Академика Королёва,  10","37.619899,55.823398",,,,,,,,,,,,,,,
6217400.0,3.0,83.9,5.0,9.0,1.0,"Серебрянический пер.,  6","37.646112,55.749851",,,,,,,,,,,,,,,
1800000.0,3.0,68.6,6.0,16.0,1.0,"Большая Черкизовская ул.,  30к1","37.740965,55.799603",,,,,,,,,,,,,,,
650000.0,2.0,34.5,3.0,6.0,1.0,"Варшавское ш.,  125","37.619396,55.625984",,,,,,,,,,,,,,,
2550000.0,2.0,43.0,7.0,44.0,1.0,"Ходынская ул.,  2","37.564212,55.770806",,,,,,,,,,,,,,,
1099000.0,1.0,35.0,4.0,9.0,1.0,"ул. Цюрупы,  20к2","37.570555,55.668198",,,,,,,,,,,,,,,
435000.0,1.0,11.7,1.0,9.0,0.0,"Уральская ул.,  8","37.799472,55.815802",,,,,,,,,,,,,,,
1380000.0,3.0,75.0,4.0,17.0,1.0,"Рождественская ул.,  21к6","37.917340,55.706472",,,,,,,,,,,,,,,
1399999.0,2.0,37.0,4.0,5.0,1.0,"3-й Балтийский пер.,  4к2","37.527346,55.811371",,,,,,,,,,,,,,,
900000.0,1.0,31.7,3.0,5.0,1.0,"Большая Черкизовская ул.,  3к6","37.716153,55.798844",,,,,,,,,,,,,,,
427500.0,1.0,17.1,1.0,17.0,0.0,"ул. Барышиха,  40к1","37.343892,55.852940",,,,,,,,,,,,,,,
8750000.0,3.0,168.4,34.0,85.0,1.0,"1-й Красногвардейский пр.,  21с2","37.534092,55.749380",,,,,,,,,,,,,,,
745000.0,1.0,22.8,8.0,9.0,0.0,"пос. Коммунарка, ул. Александры Монаховой,  92к1","37.487793,55.543104",,,,,,,,,,,,,,,
794700.0,1.0,32.2,4.0,9.0,1.0,"ул. Пудовкина,  19","37.527920,55.727557",,,,,,,,,,,,,,,
2900000.0,3.0,83.0,7.0,22.0,1.0,"ул. Героев Панфиловцев,  5","37.436876,55.854785",,,,,,,,,,,,,,,
1620000.0,2.0,54.3,6.0,17.0,1.0,"ул. Кошкина,  12к1","37.671085,55.639578",,,,,,,,,,,,,,,
899000.0,1.0,28.0,1.0,6.0,0.0,"Краснопролетарская ул., 8с3","37.608347,55.775955",,,,,,,,,,,,,,,
200000.0,1.0,10.0,1.0,9.0,1.0,"Большая Серпуховская ул.,  31к6","37.628577,55.723379",,,,,,,,,,,,,,,
2730000.0,2.0,58.1,9.0,19.0,1.0,"Докучаев пер.,  2с3","37.641566,55.774553",,,,,,,,,,,,,,,
1740000.0,2.0,61.5,11.0,13.0,1.0,"Новочерёмушкинская ул.,  27","37.577903,55.679778",,,,,,,,,,,,,,,
5485000.0,3.0,94.4,4.0,18.0,1.0,"ул. Орджоникидзе,  1","37.605068,55.710839",,,,,,,,,,,,,,,
980000.0,1.0,29.8,4.0,5.0,1.0,"Спортивный пр.,  3","37.753389,55.683635",,,,,,,,,,,,,,,
3540000.0,2.0,50.5,15.0,16.0,1.0,"Гороховский пер.,  21","37.668031,55.766243",,,,,,,,,,,,,,,
3500000.0,2.0,68.0,3.0,9.0,1.0,"пер. Красина,  16с1","37.582817,55.767934",,,,,,,,,,,,,,,
3650000.0,2.0,77.6,6.0,9.0,1.0,"Ломоносовский пр-т,  23","37.538134,55.691531",,,,,,,,,,,,,,,
1310000.0,2.0,45.0,1.0,9.0,1.0,"пр-т Вернадского,  95к2","37.493677,55.666244",,,,,,,,,,,,,,,
1570000.0,4.0,64.4,7.0,9.0,1.0,"Клинская ул.,  11","37.499138,55.866763",,,,,,,,,,,,,,,
1490000.0,1.0,50.0,15.0,31.0,1.0,"ул. Намёткина,  18","37.560071,55.659576",,,,,,,,,,,,,,,
1939999.0,4.0,96.0,2.0,18.0,1.0,"6-я Радиальная ул.,  7/6к3","37.655760,55.603746",,,,,,,,,,,,,,,
2991150.0,3.0,84.2,8.0,11.0,1.0,"ул. Куусинена,  21А","37.510529,55.788641",,,,,,,,,,,,,,,
1020000.0,2.0,42.6,4.0,5.0,1.0,"Федеративный пр-т,  43","37.827805,55.753605",,,,,,,,,,,,,,,
1120000.0,2.0,38.3,12.0,14.0,1.0,"Перовская ул.,  60","37.793067,55.744946",,,,,,,,,,,,,,,
2981494.0,2.0,75.5,4.0,14.0,1.0,"ул. Автозаводская, вл. 23/75","37.571076,55.806110",,,,,,,,,,,,,,,
897600.0,1.0,18.7,4.0,5.0,0.0,"Сельскохозяйственная ул.,  17к5","37.633086,55.837353",,,,,,,,,,,,,,,
870000.0,1.0,30.8,2.0,5.0,1.0,"1-й Институтский пр.,  8","37.780967,55.724591",,,,,,,,,,,,,,,
2761613.0,2.0,54.9,7.0,15.0,1.0,"ул. Вавилова,  4","37.590255,55.708663",,,,,,,,,,,,,,,
1360000.0,1.0,31.0,8.0,9.0,1.0,"6-я Кожуховская ул.,  21","37.676340,55.707284",,,,,,,,,,,,,,,
4100000.0,2.0,73.3,26.0,28.0,1.0,"Береговой пр.,  3","37.508867,55.757379",,,,,,,,,,,,,,,
770050.0,1.0,11.1,1.0,7.0,0.0,"1-й Тверской-Ямской пер.,  14","37.598169,55.772831",,,,,,,,,,,,,,,
17000000.0,7.0,234.7,26.0,27.0,1.0,"Староватутинский пр.,  17","37.661347,55.875486",,,,,,,,,,,,,,,
1400000.0,1.0,40.7,7.0,19.0,1.0,"Осташковская ул.,  9к2","37.677571,55.877788",,,,,,,,,,,,,,,
1190000.0,1.0,20.4,2.0,4.0,0.0,"Олсуфьевский пер.,  6с1","37.580517,55.732823",,,,,,,,,,,,,,,
1850000.0,2.0,53.7,26.0,32.0,1.0,"Волгоградский пр-т,  32/5к2","37.690920,55.719541",,,,,,,,,,,,,,,
2300000.0,3.0,76.0,15.0,23.0,1.0,"Нагатинская наб.,  40/1","37.674660,55.685691",,,,,,,,,,,,,,,
490000.0,1.0,24.2,2.0,20.0,0.0,"6-я Радиальная ул., 7/1к2","37.653209,55.603776",,,,,,,,,,,,,,,
3075400.0,2.0,67.2,16.0,44.0,1.0,"Давыдковская ул.,  3","37.479986,55.727465",,,,,,,,,,,,,,,
15782000.0,4.0,232.0,6.0,7.0,1.0,"Минская ул.,  1А","37.405597,55.807967",,,,,,,,,,,,,,,
300000.0,1.0,14.2,3.0,5.0,0.0,"Ткацкая ул.,  46","37.658203,55.763493",,,,,,,,,,,,,,,
3400000.0,2.0,75.0,11.0,23.0,1.0,"пр. Невельского,  3к2","37.697846,55.751984",,,,,,,,,,,,,,,
1790000.0,2.0,54.2,16.0,16.0,1.0,"ул. Мичуринский Проспект, Олимпийская Деревня,  17","37.460466,55.672661",,,,,,,,,,,,,,,
975000.0,1.0,34.6,6.0,16.0,1.0,"ул. Плющева,  17к1","37.762048,55.739275",,,,,,,,,,,,,,,
530000.0,1.0,19.4,1.0,25.0,0.0,"рп. Дрожжино, Южная ул.,  11к3","37.589590,55.522500",,,,,,,,,,,,,,,
2049800.0,2.0,58.5,17.0,22.0,1.0,"Осенняя ул.,  18","37.577157,55.769094",,,,,,,,,,,,,,,
375000.0,1.0,18.5,1.0,3.0,0.0,"Ижорский пр., 11с13","37.517401,55.889215",,,,,,,,,,,,,,,
1750000.0,3.0,75.4,10.0,14.0,1.0,"ул. Маршала Полубоярова,  4к2","37.862246,55.687863",,,,,,,,,,,,,,,
5311980.0,3.0,95.9,2.0,3.0,1.0,"Колокольников пер.,  17","37.629089,55.768122",,,,,,,,,,,,,,,
2350000.0,3.0,73.4,18.0,19.0,1.0,"Линейный пр.,  8А","37.574911,55.841185",,,,,,,,,,,,,,,
3800000.0,2.0,72.0,10.0,16.0,1.0,"Донская ул.,  14","37.606200,55.722558",,,,,,,,,,,,,,,
1879900.0,2.0,57.2,2.0,22.0,1.0,"Кременчугская ул.,  3к2с2","37.461876,55.820369",,,,,,,,,,,,,,,
3202560.0,3.0,87.0,15.0,30.0,1.0,"Волгоградский пр-т,  32/3к6","37.694226,55.721240",,,,,,,,,,,,,,,
1300000.0,1.0,40.8,2.0,12.0,1.0,"Доброслободская ул.,  4","37.671049,55.768547",,,,,,,,,,,,,,,
1790000.0,2.0,51.0,6.0,9.0,1.0,"ул. Красного Маяка,  5к2","37.593893,55.610824",,,,,,,,,,,,,,,
1499000.0,1.0,39.0,14.0,14.0,1.0,"Солдатская ул.,  8к1","37.701978,55.764465",,,,,,,,,,,,,,,
1379000.0,2.0,51.0,2.0,16.0,1.0,"ул. Генерала Кузнецова,  15к1","37.858905,55.686772",,,,,,,,,,,,,,,
1089000.0,1.0,32.6,9.0,10.0,1.0,"Ореховый б-р,  11к1","37.712749,55.610906",,,,,,,,,,,,,,,
1280000.0,3.0,59.0,9.0,9.0,1.0,"ул. Красный Казанец,  3к1","37.804997,55.722147",,,,,,,,,,,,,,,
4000000.0,3.0,72.0,17.0,44.0,1.0,"Ходынская ул.,  2","37.564212,55.770806",,,,,,,,,,,,,,,
2765830.0,2.0,67.1,8.0,10.0,1.0,"ул. Усиевича,  10","37.530211,55.805508",,,,,,,,,,,,,,,
1675000.0,2.0,42.5,8.0,9.0,1.0,"ул. Вавилова,  58к1","37.777499,55.759451",,,,,,,,,,,,,,,
1790000.0,2.0,53.0,12.0,14.0,1.0,"Большая Черкизовская ул., 20к4","37.732305,55.795352",,,,,,,,,,,,,,,
1750000.0,2.0,59.2,10.0,14.0,1.0,"пр. Шокальского,  41","37.652858,55.881853",,,,,,,,,,,,,,,
215000.0,1.0,22.9,1.0,17.0,0.0,"Волжский б-р,  19","37.547540,55.762181",,,,,,,,,,,,,,,
5517040.0,5.0,132.7,8.0,29.0,1.0,"Мытная ул.,  40к4","37.615425,55.722989",,,,,,,,,,,,,,,
2516390.0,2.0,64.2,11.0,18.0,1.0,"Ленинградский пр-т,  76к2","37.515290,55.806474",,,,,,,,,,,,,,,
390000.0,1.0,16.2,2.0,20.0,0.0,"6-я Радиальная ул.,  7/1к2","37.653209,55.603776",,,,,,,,,,,,,,,
1250000.0,1.0,35.1,13.0,17.0,1.0,"Октябрьский пер.,  12","37.611823,55.787477",,,,,,,,,,,,,,,
3202560.0,3.0,87.0,15.0,30.0,1.0,"Волгоградский пр-т,  32/3к6","37.694226,55.721240",,,,,,,,,,,,,,,
380000.0,1.0,17.0,2.0,5.0,0.0,"ул. Металлургов,  33","37.794972,55.760074",,,,,,,,,,,,,,,
209000.0,1.0,16.5,1.0,8.0,0.0,"пр-т Вернадского,  11/19","37.529358,55.688989",,,,,,,,,,,,,,,
1450000.0,2.0,37.6,3.0,9.0,1.0,"ул. Трофимова, 19к1","37.675846,55.703231",,,,,,,,,,,,,,,
1835000.0,3.0,63.5,3.0,9.0,1.0,"Профсоюзная ул.,  118к2","37.518848,55.637596",,,,,,,,,,,,,,,
1020000.0,2.0,42.6,4.0,5.0,1.0,"Федеративный пр-т,  43","37.827805,55.753605",,,,,,,,,,,,,,,
1300000.0,2.0,46.2,8.0,9.0,1.0,"Ореховый б-р,  12к2","37.405597,55.807967",,,,,,,,,,,,,,,
979000.0,1.0,32.0,2.0,5.0,1.0,"Измайловский б-р,  37","37.795933,55.797220",,,,,,,,,,,,,,,
286000.0,1.0,13.0,1.0,5.0,0.0,"1-я ул. Машиностроения,  4к1","37.669028,55.714085",,,,,,,,,,,,,,,
1510000.0,2.0,52.2,6.0,12.0,1.0,"Таллинская ул.,  19к1","37.405426,55.800332",,,,,,,,,,,,,,,
2180000.0,2.0,80.0,13.0,15.0,1.0,"6-я Радиальная ул.,  5к2","37.658760,55.604605",,,,,,,,,,,,,,,
2700000.0,2.0,65.0,7.0,25.0,1.0,"Береговой пр.,  5Ак1","37.509245,55.755023",,,,,,,,,,,,,,,
1700000.0,1.0,36.7,14.0,27.0,1.0,"Шелепихинская наб.,  42к2","37.500270,55.767484",,,,,,,,,,,,,,,
1050000.0,2.0,40.4,4.0,5.0,1.0,"Знаменская ул.,  39","37.721319,55.803757",,,,,,,,,,,,,,,
3500000.0,3.0,57.5,4.0,29.0,1.0,"Береговой пр.,  3","37.508867,55.757379",,,,,,,,,,,,,,,
1550000.0,2.0,54.2,3.0,25.0,1.0,"Открытое ш.,  30","37.770358,55.828344",,,,,,,,,,,,,,,
1600000.0,3.0,56.4,3.0,9.0,1.0,"ул. Сущёвский Вал,  23","37.601367,55.793009",,,,,,,,,,,,,,,
470000.0,1.0,15.0,2.0,3.0,0.0,"ш. Фрезер,  17Ас5","37.736958,55.735996",,,,,,,,,,,,,,,
1349000.0,3.0,58.9,2.0,9.0,1.0,"ул. 800-летия Москвы, 5к1","37.554484,55.880091",,,,,,,,,,,,,,,
1530000.0,1.0,38.3,17.0,32.0,1.0,"Кронштадтский б-р,  9к3","37.489859,55.842919",,,,,,,,,,,,,,,
1196600.0,1.0,45.9,22.0,47.0,1.0,"Дмитровское ш.,  вл89","37.545366,55.868829",,,,,,,,,,,,,,,
1750000.0,2.0,63.0,5.0,5.0,1.0,"1-я Магистральная ул.,  22к1","37.515380,55.772006",,,,,,,,,,,,,,,
280000.0,1.0,11.1,1.0,5.0,0.0,"4-я Тверская-Ямская ул.,  2/11с1","37.598717,55.771692",,,,,,,,,,,,,,,
7990000.0,3.0,117.4,18.0,44.0,1.0,"Минская ул.,  2","37.503998,55.716042",,,,,,,,,,,,,,,
1130000.0,1.0,18.9,2.0,5.0,0.0,"Вознесенский пер.,  16/4","37.605993,55.759304",,,,,,,,,,,,,,,
2390000.0,4.0,119.1,2.0,10.0,1.0,"пос. Коммунарка, ул. Александры Монаховой,  92к2","37.523384,55.543012",,,,,,,,,,,,,,,
2390000.0,4.0,119.1,2.0,10.0,1.0,"пос. Коммунарка, ул. Александры Монаховой,  92к2","37.486122,55.542890",,,,,,,,,,,,,,,
850000.0,1.0,33.1,1.0,12.0,1.0,"ул. Конёнкова,  23Б","37.608284,55.895035",,,,,,,,,,,,,,,
1150000.0,3.0,50.0,2.0,9.0,1.0,"Голубинская ул.,  9","37.512838,55.603151",,,,,,,,,,,,,,,
515040.0,1.0,10.1,2.0,5.0,0.0,"Студенческая ул.,  19к1","37.598717,55.771692",,,,,,,,,,,,,,,
2950000.0,4.0,94.7,5.0,17.0,1.0,"Варшавское ш.,  108к1","37.618201,55.642758",,,,,,,,,,,,,,,
911400.0,1.0,36.4,2.0,12.0,1.0,"Новомарьинская ул.,  3к3","37.747684,55.654315",,,,,,,,,,,,,,,
2991200.0,2.0,54.2,9.0,10.0,1.0,"Кутузовский пр-т,  4/2","37.633805,55.742265",,,,,,,,,,,,,,,
5700000.0,3.0,78.5,10.0,20.0,1.0,"Большая Филёвская ул.,  3к4","37.517779,55.748179",,,,,,,,,,,,,,,
640000.0,1.0,18.0,9.0,9.0,0.0,"Дегунинская ул.,  1к3","37.539410,55.863515",,,,,,,,,,,,,,,
2759626.0,1.0,44.3,5.0,33.0,1.0,"ул. Пресненский Вал, стр. 4.2","37.564410,55.763918",,,,,,,,,,,,,,,
1280000.0,1.0,35.0,5.0,9.0,1.0,"Кленовый б-р,  15","37.680625,55.678692",,,,,,,,,,,,,,,
1199000.0,1.0,38.0,7.0,22.0,1.0,"6-я Радиальная ул.,  7/6к2","37.655679,55.604707",,,,,,,,,,,,,,,
1350000.0,1.0,36.5,7.0,17.0,1.0,"Батайский пр.,  51","37.738989,55.643337",,,,,,,,,,,,,,,
1870000.0,2.0,61.6,4.0,25.0,1.0,"ул. Лавочкина,  2","37.506145,55.849923",,,,,,,,,,,,,,,
1350000.0,2.0,45.0,7.0,9.0,1.0,"ул. Дубки,  11","37.561517,55.822584",,,,,,,,,,,,,,,
1110000.0,1.0,25.5,2.0,4.0,0.0,"Сеченовский пер.,  8с3","37.595339,55.741368",,,,,,,,,,,,,,,
2914400.0,3.0,81.9,8.0,20.0,1.0,"Нагорный б-р,  19к1","37.599516,55.671493",,,,,,,,,,,,,,,
1190000.0,2.0,46.0,5.0,14.0,1.0,"15-я Парковая ул.,  47к4","37.815139,55.807218",,,,,,,,,,,,,,,
288000.0,1.0,12.0,1.0,8.0,0.0,"ул. Земляной Вал,  24/32","37.656119,55.757830",,,,,,,,,,,,,,,
1730000.0,3.0,58.7,2.0,9.0,1.0,"ул. Мнёвники,  12","37.490371,55.773829",,,,,,,,,,,,,,,
5621900.0,3.0,81.5,6.0,8.0,1.0,"1-й Зачатьевский пер.,  5","37.603819,55.739022",,,,,,,,,,,,,,,
6450000.0,2.0,100.0,81.0,95.0,1.0,"Пресненская наб.,  12","37.537434,55.749633",,,,,,,,,,,,,,,
3635800.0,3.0,103.9,12.0,28.0,1.0,"2-й пер. Петра Алексеева,  5","37.429627,55.717888",,,,,,,,,,,,,,,
1015000.0,1.0,34.1,1.0,14.0,1.0,"ул. Академика Виноградова,  4к1","37.486598,55.632479",,,,,,,,,,,,,,,
2200000.0,3.0,76.3,10.0,42.0,1.0,"Багратионовский пр.,  5","37.508131,55.743654",,,,,,,,,,,,,,,
1123020.0,1.0,36.7,25.0,36.0,1.0,"пр-т Мира, д. 222/2 корп. 4","37.667932,55.843257",,,,,,,,,,,,,,,
899000.0,1.0,35.9,1.0,16.0,1.0,"ул. Айвазовского,  1","37.543452,55.618364",,,,,,,,,,,,,,,
554980.0,1.0,18.4,1.0,9.0,0.0,"Юрловский пр.,  19","37.615919,55.871961",,,,,,,,,,,,,,,
1980000.0,3.0,57.5,1.0,9.0,1.0,"Халтуринская ул.,  13","37.724975,55.802204",,,,,,,,,,,,,,,
1090000.0,1.0,30.5,7.0,18.0,1.0,"Берёзовая аллея,  19Ас1","37.621022,55.848877",,,,,,,,,,,,,,,
1100000.0,1.0,27.4,31.0,54.0,1.0,"Северо-Западный административный округ, район Покровское-Стрешнево, жилой комплекс Сити Бэй, 95/2к7","37.402839,55.829709",,,,,,,,,,,,,,,
454990.0,1.0,10.1,1.0,5.0,0.0,"ул. Чаплыгина,  8с1","37.646830,55.763366",,,,,,,,,,,,,,,
23458301.0,4.0,148.9,3.0,13.0,1.0,"ул. Братьев Фонченко, стр. 4","37.513772,55.730918",,,,,,,,,,,,,,,
3480000.0,3.0,89.3,5.0,9.0,1.0,"ул. Соловьиная Роща,  9","37.396928,55.895757",,,,,,,,,,,,,,,
2750000.0,4.0,68.8,4.0,5.0,1.0,"Студенческая ул.,  19к4","37.550576,55.741723",,,,,,,,,,,,,,,
12949000.0,3.0,139.0,3.0,6.0,1.0,"1-й Колобовский пер.,  14","37.617779,55.768633",,,,,,,,,,,,,,,
1900000.0,3.0,65.6,11.0,16.0,1.0,"ул. Яблочкова, 29Б","37.577696,55.823282",,,,,,,,,,,,,,,
4300000.0,3.0,91.5,13.0,14.0,1.0,"пр-т Генерала Дорохова,  39к2Б","37.496677,55.715606",,,,,,,,,,,,,,,
3940000.0,3.0,126.1,15.0,20.0,1.0,"ул. Эльдара Рязанова,  4","37.513619,55.662847",,,,,,,,,,,,,,,
525000.0,1.0,23.0,1.0,16.0,0.0,"Ореховый пр.,  21к1","37.731730,55.623265",,,,,,,,,,,,,,,
289000.0,1.0,10.0,2.0,6.0,1.0,"Сиреневый б-р,  15","37.785018,55.803186",,,,,,,,,,,,,,,
1535000.0,2.0,40.9,14.0,25.0,1.0,"Донецкая ул.,  30к2","37.705715,55.646127",,,,,,,,,,,,,,,
1420000.0,3.0,60.0,2.0,9.0,1.0,"Окская ул.,  44к1","37.776565,55.716417",,,,,,,,,,,,,,,
480000.0,1.0,20.0,1.0,8.0,0.0,"ул. Земляной Вал,  24/32","37.656119,55.757830",,,,,,,,,,,,,,,
6644510.0,2.0,72.6,10.0,11.0,1.0,"Трубецкая ул.,  12","37.575378,55.726568",,,,,,,,,,,,,,,
1550000.0,1.0,32.3,10.0,15.0,0.0,"Ходынский б-р,  20А","37.523213,55.790782",,,,,,,,,,,,,,,
1780000.0,2.0,43.0,3.0,9.0,1.0,"ул. Народного Ополчения,  20к1","37.480552,55.777059",,,,,,,,,,,,,,,
3612900.0,4.0,113.8,12.0,16.0,1.0,"ул. Орджоникидзе,  14","37.589320,55.710322",,,,,,,,,,,,,,,
3400000.0,3.0,82.6,18.0,29.0,1.0,"Береговой пр.,  3","37.508867,55.757379",,,,,,,,,,,,,,,
1865000.0,3.0,77.9,30.0,33.0,1.0,"ул. Михайлова, 30Ак1","37.774499,55.724773",,,,,,,,,,,,,,,
1210000.0,3.0,53.0,7.0,9.0,1.0,"Голубинская ул.,  3к1","37.513772,55.608516",,,,,,,,,,,,,,,
1632186.0,1.0,27.2,6.0,13.0,0.0,"Подольское ш., вл. 3","37.624480,55.713248",,,,,,,,,,,,,,,
3245000.0,2.0,61.0,4.0,5.0,1.0,"3-я Тверская-Ямская ул.,  42/8","37.593021,55.774264",,,,,,,,,,,,,,,
3250000.0,3.0,81.5,24.0,51.0,1.0,"Шмитовский пр.,  39с4","37.523779,55.753534",,,,,,,,,,,,,,,
1900000.0,3.0,64.2,2.0,6.0,1.0,"ул. Толбухина,  7к1","37.400863,55.720180",,,,,,,,,,,,,,,
370000.0,1.0,27.6,1.0,16.0,0.0,"Юго-Восточный административный округ, район Кузьминки, Волжский Бульвар квартал 114А, к4","37.749418,55.704281",,,,,,,,,,,,,,,
1720000.0,3.0,77.0,2.0,17.0,1.0,"9-я Северная линия,  25к1","37.553406,55.933423",,,,,,,,,,,,,,,
2856600.0,4.0,105.7,15.0,25.0,1.0,"ул. Гурьянова,  19к1","37.718714,55.688132",,,,,,,,,,,,,,,
2269000.0,3.0,65.1,2.0,5.0,1.0,"ул. Маршала Бирюзова,  22к1","37.489589,55.795995",,,,,,,,,,,,,,,
450000.0,1.0,14.7,1.0,12.0,0.0,"Чечёрский пр.,  66","37.524435,55.532717",,,,,,,,,,,,,,,
780000.0,1.0,35.0,2.0,9.0,1.0,"Вешняковская ул.,  11к2","37.832548,55.736746",,,,,,,,,,,,,,,
4200000.0,2.0,60.0,40.0,78.0,1.0,"1-й Красногвардейский пр.,  22с2","37.535305,55.751584",,,,,,,,,,,,,,,
2500000.0,2.0,58.0,10.0,21.0,1.0,"Новоалексеевская ул.,  16к2","37.647091,55.809004",,,,,,,,,,,,,,,
480000.0,1.0,14.0,1.0,9.0,0.0,"Каширское ш.,  128к2","37.717672,55.602973",,,,,,,,,,,,,,,
550000.0,1.0,16.0,3.0,5.0,1.0,"Окская ул.,  28к2","37.765884,55.714069",,,,,,,,,,,,,,,
789999.0,1.0,36.3,3.0,17.0,1.0,"2-я Вольская ул.,  3","37.920215,55.686924",,,,,,,,,,,,,,,
1757200.0,2.0,52.7,15.0,23.0,1.0,"1-й Котляковский пер., 2Ак2","37.628307,55.651994",,,,,,,,,,,,,,,
6038400.0,3.0,81.6,6.0,9.0,1.0,"Серебрянический пер.,  6","37.646112,55.749851",,,,,,,,,,,,,,,
84530000.0,4.0,276.0,7.0,8.0,1.0,"Гранатный пер.,  8с4","37.590785,55.760023",,,,,,,,,,,,,,,
3301950.0,4.0,109.4,15.0,23.0,1.0,"Иваньковское ш.,  5","37.465901,55.819955",,,,,,,,,,,,,,,
1090000.0,2.0,42.0,2.0,5.0,1.0,"Фортунатовская ул.,  9","37.738764,55.789598",,,,,,,,,,,,,,,
2850000.0,2.0,65.0,20.0,39.0,1.0,"Дмитровский пр.,  1","37.501088,55.676209",,,,,,,,,,,,,,,
2000000.0,2.0,48.0,9.0,20.0,1.0,"Нагатинская наб.,  14к1","37.648277,55.683199",,,,,,,,,,,,,,,
1150000.0,2.0,51.2,8.0,17.0,1.0,"ул. Лётчика Грицевца,  12","37.620977,55.819029",,,,,,,,,,,,,,,
595000.0,1.0,23.0,1.0,9.0,0.0,"Южнобутовская ул.,  33","37.537739,55.537348",,,,,,,,,,,,,,,
3350000.0,2.0,93.5,22.0,22.0,1.0,"1-я Магистральная ул.,  25","37.517976,55.770821",,,,,,,,,,,,,,,
565000.0,1.0,15.0,1.0,5.0,0.0,"3-й Красносельский пер.,  7","37.658679,55.784379",,,,,,,,,,,,,,,
440000.0,1.0,10.5,1.0,9.0,0.0,"Стройковская ул.,  6","37.674328,55.735251",,,,,,,,,,,,,,,
1227000.0,1.0,25.4,2.0,4.0,0.0,"Селезнёвская ул.,  13с1","37.606074,55.780699",,,,,,,,,,,,,,,
1650000.0,2.0,40.0,4.0,9.0,1.0,"ул. 1812 года, 10к2","37.522072,55.741379",,,,,,,,,,,,,,,
2508690.0,3.0,77.4,15.0,17.0,1.0,"ул. Самеда Вургуна,  7","37.526699,55.808159",,,,,,,,,,,,,,,
1200000.0,2.0,45.3,6.0,9.0,1.0,"Домодедовская ул.,  20к3","37.702715,55.612263",,,,,,,,,,,,,,,
3500000.0,1.0,50.0,78.0,95.0,0.0,"Пресненская наб.,  12","37.537434,55.749633",,,,,,,,,,,,,,,
4181400.0,3.0,89.4,7.0,25.0,1.0,"ул. Янковского,  1к1","37.473770,55.697346",,,,,,,,,,,,,,,
2900000.0,3.0,93.0,17.0,25.0,1.0,"Хорошёвское ш.,  40А","37.539688,55.776689",,,,,,,,,,,,,,,
1190000.0,3.0,80.0,4.0,17.0,1.0,"рп. Дрожжино, Новое ш.,  8к1","37.590865,55.524849",,,,,,,,,,,,,,,
1460000.0,2.0,44.6,1.0,5.0,1.0,"Стройковская ул.,  17/1","37.674031,55.732915",,,,,,,,,,,,,,,
1140000.0,2.0,46.9,12.0,14.0,1.0,"Шоссейная ул.,  70к2","37.720061,55.672194",,,,,,,,,,,,,,,
19071000.0,5.0,211.9,17.0,19.0,1.0,"пр-т Академика Сахарова, д. 7","37.643767,55.771145",,,,,,,,,,,,,,,
10400000.0,3.0,110.0,4.0,4.0,1.0,"Гагаринский пер.,  28","37.589338,55.745235",,,,,,,,,,,,,,,
380000.0,1.0,17.1,2.0,5.0,0.0,"ул. Металлургов,  33","37.794972,55.760074",,,,,,,,,,,,,,,
3000000.0,3.0,70.9,21.0,29.0,1.0,"Береговой пр.,  3","37.577472,55.673377",,,,,,,,,,,,,,,
975000.0,1.0,34.6,6.0,16.0,1.0,"ул. Плющева,  17к1","37.521093,55.759086",,,,,,,,,,,,,,,
1850000.0,2.0,54.1,2.0,4.0,1.0,"Куркинское ш.,  17к4","37.395599,55.884368",,,,,,,,,,,,,,,
950000.0,1.0,20.6,5.0,22.0,0.0,"Ленинский пр-т,  158","37.483104,55.651186",,,,,,,,,,,,,,,
5500000.0,3.0,106.1,12.0,16.0,1.0,"Тихвинская ул.,  14к1","37.601331,55.788085",,,,,,,,,,,,,,,
650000.0,1.0,20.9,1.0,8.0,0.0,"Шелепихинское ш.,  17к1","37.521093,55.759086",,,,,,,,,,,,,,,
920000.0,1.0,35.0,2.0,12.0,1.0,"Шоссейная ул.,  56","37.721220,55.678230",,,,,,,,,,,,,,,
540000.0,1.0,10.0,1.0,8.0,0.0,"ул. 1812 года,  3","37.523267,55.736214",,,,,,,,,,,,,,,
380000.0,1.0,17.0,2.0,5.0,0.0,"ул. Металлургов,  33","37.794972,55.760074",,,,,,,,,,,,,,,
3681700.0,3.0,105.2,21.0,24.0,1.0,"ул. Берзарина,  28Ак2","37.475342,55.790469",,,,,,,,,,,,,,,
1630000.0,1.0,32.2,6.0,9.0,1.0,"ул. Трёхгорный Вал,  18","37.561796,55.760894",,,,,,,,,,,,,,,
877800.0,2.0,47.4,2.0,12.0,1.0,"Уральская ул.,  11","37.797379,55.817648",,,,,,,,,,,,,,,
1400000.0,3.0,58.0,8.0,9.0,1.0,"ул. Красного Маяка,  13к5","37.582745,55.611302",,,,,,,,,,,,,,,
6015980.0,3.0,88.2,5.0,15.0,1.0,"Студенческая ул.,  20к1","37.548860,55.743689",,,,,,,,,,,,,,,
355000.0,1.0,13.6,2.0,5.0,0.0,"3-я Институтская ул.,  15","37.783886,55.722826",,,,,,,,,,,,,,,
2050000.0,3.0,74.6,12.0,17.0,1.0,"Варшавское ш.,  122","37.616431,55.628957",,,,,,,,,,,,,,,
1450000.0,2.0,37.7,2.0,9.0,1.0,"Вятская ул.,  1","37.582331,55.792933",,,,,,,,,,,,,,,
1180000.0,2.0,43.0,8.0,9.0,1.0,"б-р Матроса Железняка,  9","37.524687,55.828657",,,,,,,,,,,,,,,
3321190.0,3.0,76.1,11.0,12.0,1.0,"ул. Пресненский Вал,  16с2","37.566297,55.767246",,,,,,,,,,,,,,,
1390000.0,2.0,44.3,9.0,9.0,1.0,"ул. Подольских Курсантов,  12к1","37.616207,55.607148",,,,,,,,,,,,,,,
1120000.0,2.0,43.1,2.0,5.0,1.0,"ул. Свободы,  11/1","37.452040,55.828025",,,,,,,,,,,,,,,
3389001.0,1.0,44.1,13.0,36.0,1.0,"пр-т Ленинградский, вл. 8","37.571076,55.806110",,,,,,,,,,,,,,,
2730000.0,2.0,58.1,9.0,19.0,1.0,"Докучаев пер.,  2с3","37.641566,55.774553",,,,,,,,,,,,,,,
2500000.0,2.0,67.0,5.0,7.0,1.0,"Большая Почтовая ул.,  32к2","37.698915,55.779980",,,,,,,,,,,,,,,
2200000.0,2.0,40.2,5.0,8.0,1.0,"ул. Фотиевой,  3","37.564096,55.701207",,,,,,,,,,,,,,,
570000.0,1.0,22.0,3.0,5.0,0.0,"Херсонская ул.,  41А","37.557502,55.653878",,,,,,,,,,,,,,,
540000.0,1.0,18.3,2.0,17.0,0.0,"Покровская ул.,  17Ак3","37.933698,55.698630",,,,,,,,,,,,,,,
4181400.0,3.0,89.4,7.0,25.0,1.0,"ул. Янковского,  1к1","37.473770,55.697346",,,,,,,,,,,,,,,
1300000.0,1.0,48.5,12.0,12.0,1.0,"6-я Радиальная ул.,  5к1","37.658347,55.606517",,,,,,,,,,,,,,,
4200000.0,2.0,60.0,40.0,78.0,1.0,"1-й Красногвардейский пр.,  22с2","37.535305,55.751584",,,,,,,,,,,,,,,
5499933.0,4.0,104.0,17.0,24.0,1.0,"Кастанаевская ул.,  66","37.456873,55.732235",,,,,,,,,,,,,,,
1399999.0,2.0,37.0,4.0,5.0,1.0,"3-й Балтийский пер.,  4к2","37.527346,55.811371",,,,,,,,,,,,,,,
2099000.0,2.0,53.0,2.0,12.0,1.0,"3-й Крутицкий пер.,  13","37.521093,55.759086",,,,,,,,,,,,,,,
3565000.0,4.0,82.3,17.0,32.0,1.0,"Причальный пр.,  8к1","37.518650,55.760494",,,,,,,,,,,,,,,
1040000.0,1.0,39.4,6.0,9.0,1.0,"Жулебинский б-р,  13","37.851134,55.696565",,,,,,,,,,,,,,,
795000.0,1.0,33.7,8.0,12.0,1.0,"Наро-Фоминская ул.,  2","37.391395,55.656864",,,,,,,,,,,,,,,
1250000.0,1.0,31.0,4.0,9.0,1.0,"Пинский пр.,  3","37.470913,55.738637",,,,,,,,,,,,,,,
370000.0,1.0,18.7,3.0,5.0,0.0,"Ткацкая ул.,  46","37.740480,55.786627",,,,,,,,,,,,,,,
2660000.0,3.0,80.7,37.0,58.0,1.0,"ул. Народного Ополчения,  15к2","37.474336,55.773662",,,,,,,,,,,,,,,
5088679.0,3.0,118.3,7.0,12.0,1.0,"Таганская ул.,  26с1","37.663458,55.739666",,,,,,,,,,,,,,,
600000.0,1.0,15.8,9.0,9.0,1.0,"Фестивальная ул.,  52","37.512209,55.865010",,,,,,,,,,,,,,,
2500000.0,3.0,66.5,2.0,19.0,1.0,"Дмитровское ш.,  107Ак3","37.538242,55.878172",,,,,,,,,,,,,,,
320000.0,1.0,15.0,1.0,5.0,0.0,"Волоколамское ш.,  80А","37.461876,55.820369",,,,,,,,,,,,,,,
1220000.0,2.0,47.5,3.0,9.0,1.0,"Шипиловский пр.,  59к2с2","37.706982,55.604737",,,,,,,,,,,,,,,
1055000.0,1.0,29.5,3.0,8.0,1.0,"Ленинградский пр-т,  78к2","37.512999,55.806732",,,,,,,,,,,,,,,
280000.0,1.0,11.1,1.0,5.0,0.0,"4-я Тверская-Ямская ул.,  2/11с1","37.598717,55.771692",,,,,,,,,,,,,,,
1635000.0,3.0,65.0,10.0,12.0,1.0,"Череповецкая ул.,  5/14","37.575531,55.899078",,,,,,,,,,,,,,,
1180000.0,1.0,32.5,1.0,9.0,1.0,"Планерная ул.,  5к4","37.430480,55.861711",,,,,,,,,,,,,,,
17000000.0,4.0,187.0,7.0,12.0,1.0,"ул. Усачёва,  11И","37.547540,55.762181",,,,,,,,,,,,,,,
9650000.0,4.0,160.0,15.0,17.0,1.0,"Мичуринский пр-т,  7к1","37.512245,55.701719",,,,,,,,,,,,,,,
6140000.0,4.0,123.6,24.0,33.0,1.0,"Ленинградский пр-т,  34А","37.568147,55.785275",,,,,,,,,,,,,,,
575000.0,1.0,24.0,1.0,12.0,0.0,"Дегунинская ул.,  13","37.534658,55.865647",,,,,,,,,,,,,,,
5790830.0,4.0,117.9,6.0,8.0,1.0,"Троицкая ул.,  8","37.622154,55.774477",,,,,,,,,,,,,,,
5200000.0,3.0,104.8,11.0,12.0,1.0,"ул. Большие Каменщики,  8","37.655787,55.735464",,,,,,,,,,,,,,,
4400000.0,4.0,132.0,13.0,18.0,1.0,"Ленинградский пр-т,  66к2","37.527130,55.803418",,,,,,,,,,,,,,,
2190000.0,3.0,68.1,4.0,5.0,1.0,"Ботаническая ул.,  27","37.595123,55.833046",,,,,,,,,,,,,,,
3321190.0,3.0,76.1,11.0,12.0,1.0,"ул. Пресненский Вал,  16с2","37.566297,55.767246",,,,,,,,,,,,,,,
765000.0,1.0,20.0,12.0,16.0,0.0,"Люблинская ул.,  72Ак1","37.736069,55.666990",,,,,,,,,,,,,,,
1200000.0,1.0,37.9,6.0,9.0,1.0,"Коломенская ул.,  17","37.697316,55.678250",,,,,,,,,,,,,,,
1590000.0,3.0,74.9,15.0,16.0,1.0,"Борисовский пр.,  42к1","37.728101,55.615843",,,,,,,,,,,,,,,
480000.0,1.0,14.0,1.0,9.0,0.0,"Каширское ш.,  128к2","37.717672,55.602973",,,,,,,,,,,,,,,
2400000.0,3.0,78.0,7.0,16.0,1.0,"Можайское ш.,  37","37.416089,55.717802",,,,,,,,,,,,,,,
1420000.0,1.0,22.3,2.0,4.0,0.0,"ул. Большая Дмитровка,  7/5с3","37.613979,55.760682",,,,,,,,,,,,,,,
455000.0,1.0,14.4,1.0,9.0,0.0,"Донбасская ул.,  6","37.659901,55.594214",,,,,,,,,,,,,,,
1050000.0,1.0,36.1,5.0,9.0,1.0,"ул. Гришина,  10к3","37.421533,55.723166",,,,,,,,,,,,,,,
2515000.0,3.0,80.7,3.0,8.0,1.0,"Бутырская ул.,  86А","37.582610,55.807000",,,,,,,,,,,,,,,
5000000.0,2.0,115.0,5.0,6.0,1.0,"Береговая ул.,  4к10","37.470464,55.829633",,,,,,,,,,,,,,,
1819999.0,2.0,41.7,2.0,5.0,1.0,"пр-т Вернадского,  22","37.501088,55.676209",,,,,,,,,,,,,,,
554900.0,1.0,25.6,1.0,16.0,1.0,"Ореховый пр.,  21к1","37.731730,55.623265",,,,,,,,,,,,,,,
1480000.0,3.0,58.9,7.0,9.0,1.0,"Отрадная ул.,  18","37.616126,55.854320",,,,,,,,,,,,,,,
900000.0,1.0,21.8,6.0,33.0,0.0,"ш. Открытое, д 18А, корп. 2","37.746301,55.818073",,,,,,,,,,,,,,,
1350000.0,1.0,22.0,2.0,4.0,0.0,"Большой Афанасьевский пер.,  30","37.597450,55.750190",,,,,,,,,,,,,,,
5720956.0,3.0,88.2,4.0,16.0,1.0,"Донская ул.,  14к2","37.605598,55.722228",,,,,,,,,,,,,,,
2523800.0,3.0,80.3,12.0,17.0,1.0,"ул. Самеда Вургуна,  7","37.473635,55.722259",,,,,,,,,,,,,,,
1499000.0,1.0,33.0,3.0,5.0,1.0,"Башиловская ул.,  10","37.576906,55.796375",,,,,,,,,,,,,,,
415000.0,1.0,11.0,1.0,5.0,0.0,"Скаковая ул.,  34к2","37.572028,55.777864",,,,,,,,,,,,,,,
1960000.0,2.0,51.0,11.0,17.0,1.0,"Осенний б-р,  5к1","37.406917,55.756341",,,,,,,,,,,,,,,
900000.0,2.0,40.0,1.0,9.0,1.0,"Бескудниковский б-р,  32к4","37.554978,55.871981",,,,,,,,,,,,,,,
11460000.0,4.0,120.0,6.0,8.0,1.0,"Мосфильмовская ул.,  1к3","37.525127,55.718654",,,,,,,,,,,,,,,
5000000.0,2.0,39.4,6.0,8.0,1.0,"Новинский б-р,  25к1","37.581164,55.757111",,,,,,,,,,,,,,,
5920000.0,5.0,204.7,8.0,25.0,1.0,"Ленинский пр-т,  137к1","37.472378,55.641981",,,,,,,,,,,,,,,
312000.0,1.0,13.1,1.0,5.0,0.0,"Мытная ул.,  25","37.619971,55.716336",,,,,,,,,,,,,,,
5092384.0,2.0,79.3,3.0,14.0,1.0,"Мытная ул.,  7с1","37.618569,55.722142",,,,,,,,,,,,,,,
2961990.0,2.0,51.9,14.0,14.0,1.0,"пр-т Генерала Дорохова,  39к1В","37.496578,55.716848",,,,,,,,,,,,,,,
460000.0,1.0,15.0,1.0,9.0,0.0,"Чертановская ул.,  43к2","37.592860,55.607677",,,,,,,,,,,,,,,
14482000.0,4.0,192.2,14.0,18.0,1.0,"ул. Орджоникидзе,  1","37.605068,55.710839",,,,,,,,,,,,,,,
2800000.0,2.0,64.0,8.0,15.0,1.0,"Ходынский б-р,  20А","37.523213,55.790782",,,,,,,,,,,,,,,
1835000.0,2.0,59.8,9.0,23.0,1.0,"ул. Нижняя Хохловка,  8","37.716890,55.729346",,,,,,,,,,,,,,,
1760000.0,3.0,56.5,7.0,9.0,1.0,"Ленинградское ш.,  112к2","37.466548,55.864212",,,,,,,,,,,,,,,
1320000.0,1.0,35.4,3.0,14.0,1.0,"ул. Берзарина,  15","37.480022,55.787133",,,,,,,,,,,,,,,
1955300.0,1.0,40.8,5.0,15.0,1.0,"ул. Вавилова,  4","37.590255,55.708663",,,,,,,,,,,,,,,
380000.0,1.0,10.0,1.0,9.0,0.0,"Сормовская ул.,  4","37.812597,55.711767",,,,,,,,,,,,,,,
1385000.0,2.0,63.0,5.0,10.0,1.0,"ул. Брусилова,  33к1","37.595402,55.501156",,,,,,,,,,,,,,,
440000.0,1.0,10.5,1.0,9.0,0.0,"Стройковская ул.,  6","37.674328,55.735251",,,,,,,,,,,,,,,
1155000.0,1.0,33.2,3.0,5.0,1.0,"ул. Юных Ленинцев,  26к1","37.748978,55.700182",,,,,,,,,,,,,,,
5721930.0,3.0,77.1,3.0,6.0,1.0,"ул. Малая Ордынка,  19","37.625963,55.736939",,,,,,,,,,,,,,,
1400000.0,2.0,53.7,6.0,17.0,1.0,"Псковская ул.,  5к3","37.405597,55.807967",,,,,,,,,,,,,,,
380000.0,1.0,10.0,1.0,9.0,0.0,"Сормовская ул.,  4","37.812597,55.711767",,,,,,,,,,,,,,,
1000000.0,2.0,44.2,4.0,9.0,1.0,"Косинская ул.,  28к2","37.826170,55.715373",,,,,,,,,,,,,,,
1200000.0,3.0,58.0,9.0,9.0,1.0,"Совхозная ул.,  18к2","37.480480,55.901183",,,,,,,,,,,,,,,
3500000.0,4.0,101.0,7.0,11.0,1.0,"Беговая ул.,  7","37.399794,55.742174",,,,,,,,,,,,,,,
2340000.0,3.0,93.1,4.0,5.0,1.0,"Измайловская пл.,  9к1","37.774230,55.793693",,,,,,,,,,,,,,,
245000.0,1.0,10.0,1.0,5.0,0.0,"4-я Тверская-Ямская ул.,  2/11с1","37.598717,55.771692",,,,,,,,,,,,,,,
980000.0,1.0,39.2,11.0,12.0,1.0,"ул. Академика Янгеля,  14к9","37.582367,55.603059",,,,,,,,,,,,,,,
1445000.0,1.0,22.7,2.0,4.0,0.0,"Петровский пер.,  8с1","37.647091,55.809004",,,,,,,,,,,,,,,
3851800.0,3.0,76.3,11.0,25.0,1.0,"ул. Янковского,  1к1","37.473770,55.697346",,,,,,,,,,,,,,,
2100000.0,2.0,71.0,7.0,22.0,1.0,"3-я Хорошёвская ул.,  21к1","37.497611,55.785402",,,,,,,,,,,,,,,
1820000.0,3.0,74.0,3.0,3.0,1.0,"пос. Коммунарка, ул. Потаповская Роща,  2к1","37.493874,55.545457",,,,,,,,,,,,,,,
2300000.0,2.0,52.5,7.0,8.0,1.0,"Тимирязевская ул.,  8к2","37.569261,55.810830",,,,,,,,,,,,,,,
4400000.0,3.0,99.5,4.0,51.0,1.0,"Шмитовский пр.,  39к1","37.524067,55.754618",,,,,,,,,,,,,,,
2521190.0,3.0,91.7,2.0,12.0,1.0,"3-й Балтийский пер.,  6к3","37.496578,55.716848",,,,,,,,,,,,,,,
